Chapter,ReferenceZip,Status,Started,Completed,Score,Notes
1,Chapter1Code.zip,Completed,2026-03-07,2026-03-07,,Code upgraded to net8 and validated with 8 test runs
2,Chapter2Code.zip,Not Started,,,,
3,Chapter3Code.zip,Not Started,,,,
4,Chapter4Code.zip,Not Started,,,,
5,Chapter5Code.zip,Not Started,,,,
6,Chapter6Code.zip,Not Started,,,,
7,Chapter7Code.zip,Not Started,,,,
8,Chapter8Code.zip,Not Started,,,,
9,Chapter9Code.zip,Not Started,,,,
10,Chapter10Code.zip,Not Started,,,,
11,Chapter11Code.zip,Not Started,,,,
12,Chapter12Code.zip,Not Started,,,,
13,Chapter13Code.zip,Not Started,,,,
14,Chapter14Code.zip,Not Started,,,,
15,Chapter15Code.zip,Not Started,,,,
16,Chapter16Code.zip,Not Started,,,,
17,Chapter17Code.zip,Not Started,,,,
18,Chapter18Code.zip,Not Started,,,,
19,Chapter19Code.zip,Not Started,,,,
20,Chapter20Code.zip,Not Started,,,,
